{
  "functions": {
    "api/*.php": {
      "runtime": "vercel-php@0.7.0",
      "memory": 1024,
      "maxDuration": 10
    }
  },
  "routes": [
    {
      "src": "/.*",
      "dest": "/api/index.php"
    }
  ],
  "headers": [
    {
      "source": "/(.*)",
      "headers": [
        {
          "key": "X-Content-Type-Options",
          "value": "nosniff"
        },
        {
          "key": "X-Frame-Options",
          "value": "DENY"
        }
      ]
    }
  ],
  "git": {
    "deploymentEnabled": {
      "main": true
    }
  }
}